family,experiment,slug,strategy,alpha,seed,accuracy,macro_f1,coad_recall,heterogeneity_js,params,mb_per_model,total_gb
centralized,centralized_logreg,logreg,-,,42,0.9937888198757764,0.994710743801653,1.0,,101325.0,,
centralized,centralized_logreg_l1,logreg_l1,-,,42,0.9937888198757764,0.994710743801653,1.0,,,,
centralized,centralized_mlp_30ep,mlp_30ep,-,,42,1.0,1.0,1.0,,10443269.0,41.77,0.084
centralized,centralized_mlp_6ep,mlp_6ep,-,,42,0.9937888198757764,0.994710743801653,1.0,,10443269.0,41.77,0.084
federated,federated_fedavg,dirichlet_a0.1_seed42,dirichlet,0.1,42,0.9565217391304348,0.9585247650495301,0.9375,,10443269.0,41.77,4.177
federated,federated_fedavg,dirichlet_a0.5_seed42,dirichlet,0.5,42,0.9875776397515528,0.9866333349358204,0.9375,,10443269.0,41.77,4.177
federated,federated_fedavg,dirichlet_a1.0_seed42,dirichlet,1.0,42,1.0,1.0,1.0,,10443269.0,41.77,4.177
federated,federated_fedavg,iid_seed42,iid,,42,1.0,1.0,1.0,,10443269.0,41.77,4.177
local_only,local_only,dirichlet-legacy_a0.1_seed42,dirichlet-legacy,0.1,42,0.6024844720496895,0.43929607603031384,,0.3876576569484744,,,
local_only,local_only,dirichlet-legacy_a0.3_seed42,dirichlet-legacy,0.3,42,0.7701863354037266,0.7051388472483644,0.7625,0.2463889610499277,,,
local_only,local_only,dirichlet-legacy_a0.5_seed42,dirichlet-legacy,0.5,42,0.8372670807453415,0.7944837023662996,0.7375,0.16061063607109455,,,
local_only,local_only,dirichlet-legacy_a1.0_seed42,dirichlet-legacy,1.0,42,0.9838509316770185,0.9824177119694971,0.95,0.07431874404179416,,,
local_only,local_only,dirichlet_a0.1_seed42,dirichlet,0.1,42,0.5503105590062112,0.4136878001185346,0.3875,0.3731550352515206,,,
local_only,local_only,dirichlet_a0.5_seed42,dirichlet,0.5,42,0.9167701863354039,0.9115257150300415,0.9,0.15233087305728965,,,
local_only,local_only,dirichlet_a1.0_seed42,dirichlet,1.0,42,0.8857142857142858,0.8448511878873036,0.75,0.11495702279158518,,,
local_only,local_only,iid_seed42,iid,,42,0.9838509316770185,0.9814322745069388,0.9375,0.005241454904662708,,,
